,year,month,건강/취미,경제경영,고전,과학,달력/기타,대학교재/전문서적,만화,사회과학,소설/시/희곡,수험서/자격증,어린이,에세이,여행,역사,예술/대중문화,외국어,요리/살림,유아,인문학,자기계발,잡지,전집/중고전집,종교/역학,좋은부모,참고서,청소년,컴퓨터/모바일,해외잡지
0,2010,1,261.16,320.5460122699387,,477.8,,,209.875,286.1515151515151,436.6584766584767,463.54545454545456,,326.5027932960894,330.77777777777777,353.3076923076923,314.0285714285714,450.3063063063063,208.3658536585366,,369.54117647058825,304.8306451612903,,,305.8709677419355,365.9887640449438,120.0,285.3510638297872,317.0,
1,2010,2,223.38709677419354,319.03478260869565,,424.7037037037037,,562.0,198.0344827586207,325.46666666666664,391.2435897435897,675.6666666666666,,348.02162162162165,365.3333333333333,337.2068965517241,338.9032258064516,438.69662921348316,221.0731707317073,,460.16470588235296,290.4148148148148,,,299.76190476190476,359.27906976744185,120.0,271.4342105263158,337.2,
2,2010,3,145.66666666666666,353.48148148148147,,608.0,,562.0,220.0,322.0,387.4695652173913,675.6666666666666,220.0,353.86324786324786,365.3333333333333,329.6,341.3333333333333,568.2894736842105,238.25,,621.7826086956521,279.64516129032256,,,273.92,409.1219512195122,120.0,254.7,343.0,
3,2010,4,210.29268292682926,351.9811320754717,,451.0,,159.5,192.7608695652174,335.6515151515151,370.7486033519553,401.3333333333333,191.6,356.47131147540983,362.6666666666667,378.1,319.05,452.47297297297297,244.03225806451613,,414.47872340425533,292.17557251908397,,,276.40845070422534,340.72340425531917,161.0,238.59701492537314,304.0,
4,2010,5,232.14583333333334,365.0530303030303,271.0,478.45714285714286,,416.6,186.42307692307693,308.6132075471698,351.7483588621444,521.4285714285714,220.0,340.68525896414343,358.90909090909093,417.7317073170732,309.0833333333333,414.5684210526316,245.76470588235293,,439.51851851851853,294.4114285714286,,,295.6727272727273,352.8279569892473,138.0,254.93548387096774,236.83333333333334,
5,2010,6,281.37142857142857,352.74418604651163,271.0,512.03125,,221.5,216.5,322.390243902439,372.3480278422274,463.96,220.0,334.4512820512821,547.75,411.6216216216216,367.5833333333333,453.91818181818184,299.6666666666667,,362.4056603773585,283.1734693877551,,,282.8305084745763,362.5,526.5,277.7682926829268,467.0,
6,2010,7,334.5,345.54901960784315,271.0,332.6666666666667,,221.5,272.9,326.5,421.0163934426229,588.0,220.0,341.01960784313724,469.5,336.61538461538464,354.5,441.5,367.0,,385.6060606060606,297.7708333333333,,159.0,249.25806451612902,366.82608695652175,416.0,278.81081081081084,442.0,
7,2010,8,254.07692307692307,332.71,335.0,396.2258064516129,,221.5,577.3913043478261,425.8333333333333,435.01108033240996,76.0,220.0,325.45,399.8333333333333,337.9130434782609,429.93333333333334,416.94202898550725,290.5625,,392.3,294.4233128834356,,159.0,239.6727272727273,369.1041666666667,416.0,280.04,281.6666666666667,
8,2010,9,222.72413793103448,343.14864864864865,472.0,447.4736842105263,,594.0,197.16666666666666,430.741935483871,367.11176470588236,327.0769230769231,220.0,342.16923076923075,448.75,403.9,364.7142857142857,533.8493150684932,237.78571428571428,,416.0869565217391,294.03105590062114,,159.0,244.6,353.921568627451,416.0,278.36,334.5,
9,2010,10,265.44117647058823,340.7329192546584,472.6,389.6296296296296,,594.0,362.2857142857143,387.75,368.67137096774195,187.38888888888889,220.0,337.8994708994709,399.875,441.59375,346.90909090909093,444.24468085106383,253.5211267605634,,411.6715328467153,296.25,,159.0,255.82481751824818,342.82608695652175,416.0,280.2631578947368,301.25,
10,2010,11,288.8285714285714,362.9830508474576,323.0,419.7037037037037,,245.5,193.71830985915494,380.5,367.3863636363636,219.83333333333334,220.0,318.7202380952381,350.2,393.4,399.48,407.1792452830189,255.0483870967742,,401.984375,300.2096069868996,,159.0,266.7910447761194,370.7951807228916,136.0,303.390243902439,393.3333333333333,
11,2010,12,289.1,344.95652173913044,323.0,405.8333333333333,0.0,265.0,207.8181818181818,369.65625,382.23664122137404,209.66666666666666,286.0,335.8095238095238,416.0,362.0,223.66666666666666,445.44117647058823,245.6206896551724,,358.640625,285.7886178861789,,159.0,258.3921568627451,382.26666666666665,136.0,418.46875,208.0,
12,2011,1,284.9375,344.72222222222223,297.0,465.4736842105263,0.0,214.0,220.36111111111111,356.28,404.05109489051097,684.4,286.0,336.5419847328244,352.6,405.5833333333333,373.7647058823529,426.8469387755102,258.6190476190476,,379.07936507936506,293.5743243243243,,92.0,268.3225806451613,406.7608695652174,120.0,404.6521739130435,421.75,
13,2011,2,335.3076923076923,364.87301587301585,300.75,361.2857142857143,0.0,321.0,220.2058823529412,318.2173913043478,381.6666666666667,684.4,220.0,337.4754098360656,359.0,423.75,353.9,468.3888888888889,275.65,,383.26229508196724,291.02941176470586,,92.0,259.42857142857144,384.6744186046512,120.0,380.2156862745098,427.5,
14,2011,3,211.5,352.8,233.0,373.3333333333333,0.0,274.0,206.5,280.63157894736844,354.77358490566036,320.0,220.0,339.53061224489795,359.0,423.75,292.5,499.70212765957444,280.47058823529414,,420.4102564102564,300.6949152542373,,92.0,221.65625,379.7096774193548,553.0,257.4634146341463,144.0,
15,2011,4,247.90322580645162,355.2393162393162,233.0,410.56,0.0,217.5,219.0,316.23809523809524,359.71216617210683,393.25,220.0,323.34615384615387,626.0,465.85714285714283,274.0869565217391,471.0744680851064,244.32258064516128,,370.38271604938274,285.25714285714287,,91.6,229.10084033613447,383.0,184.0,259.81944444444446,301.875,
16,2011,5,270.25714285714287,337.0137931034483,233.0,388.11764705882354,0.0,370.0,233.82051282051282,310.1714285714286,363.1002331002331,300.61538461538464,220.0,314.73,636.5263157894736,393.0,299.9032258064516,492.8782608695652,259.37894736842105,,391.0,283.0,,92.0,279.4932432432432,360.5326086956522,614.0,261.9396551724138,220.6,
17,2011,6,259.79487179487177,310.515625,286.0,396.9375,0.0,439.6666666666667,200.47826086956522,289.75,373.4317073170732,322.55555555555554,220.0,311.5806451612903,592.2173913043479,421.275,301.4516129032258,493.11805555555554,263.9620253164557,,421.57894736842104,292.3015873015873,,92.0,275.65806451612906,361.6386554621849,413.3333333333333,263.367816091954,375.2,
18,2011,7,244.61904761904762,305.4035087719298,233.0,302.625,0.0,439.6666666666667,206.96296296296296,301.4117647058824,369.5326633165829,328.0,220.0,291.4390243902439,539.625,411.97435897435895,269.1,475.8673469387755,249.56,,421.2631578947368,287.72033898305085,,92.0,265.62295081967216,366.39285714285717,0.0,293.48837209302326,620.0,
19,2011,8,246.08,380.23762376237624,268.3333333333333,373.1363636363636,0.0,693.0,249.04444444444445,308.76119402985074,356.7983870967742,232.83333333333334,286.0,340.08666666666664,513.9,351.44444444444446,316.2352941176471,440.7674418604651,268.06060606060606,,383.5858585858586,282.4277108433735,,92.0,288.7901234567901,342.47945205479454,0.0,276.9937106918239,620.0,
20,2011,9,256.30434782608694,356.14285714285717,233.0,436.85,0.0,634.6666666666666,230.83050847457628,306.22535211267603,388.1937321937322,439.0,286.0,333.046875,487.875,398.03333333333336,371.5882352941176,480.82954545454544,272.20754716981133,,463.27868852459017,292.05555555555554,,92.0,273.2992125984252,368.7241379310345,239.0,266.3448275862069,538.3333333333334,
21,2011,10,231.16666666666666,347.43609022556393,233.0,491.6363636363636,0.0,355.57142857142856,219.28378378378378,301.60747663551405,398.90909090909093,438.0,286.0,336.45454545454544,379.55555555555554,412.1,296.72727272727275,443.2435897435897,268.55737704918033,,440.41269841269843,292.14141414141415,,28.0,263.10714285714283,355.8090909090909,572.3333333333334,243.07843137254903,252.0,
22,2011,11,207.04166666666666,396.8288288288288,269.75,532.7368421052631,0.0,295.3333333333333,235.53488372093022,309.55,404.40954773869345,347.2307692307692,286.0,325.92090395480227,292.3076923076923,378.6170212765957,262.05,486.5762711864407,248.46808510638297,,396.89908256880733,298.4331550802139,,28.0,277.5486725663717,360.0,572.3333333333334,257.05,386.8,
23,2011,12,183.1,423.2413793103448,233.0,479.1666666666667,0.0,295.3333333333333,230.98,294.50666666666666,427.8720930232558,395.5,286.0,334.728813559322,316.2857142857143,431.8888888888889,267.2307692307692,481.60759493670884,240.4090909090909,,366.07563025210084,311.9076923076923,,28.0,270.96923076923076,367.75,572.3333333333334,397.1194029850746,473.5,
24,2012,1,265.4375,380.05882352941177,222.75,442.30232558139534,0.0,302.0,270.425,322.8607594936709,430.3293413173653,538.6666666666666,286.0,316.1111111111111,444.0,458.6923076923077,131.2,459.5217391304348,263.44444444444446,,432.7457627118644,308.07547169811323,,28.0,246.85849056603774,379.72549019607845,704.0,376.84705882352944,822.8571428571429,
25,2012,2,251.58333333333334,366.1860465116279,315.0,436.3695652173913,0.0,302.0,232.0,329.13461538461536,424.12,681.0,286.0,313.08653846153845,446.0,395.84,468.0,460.38461538461536,251.03030303030303,,456.6060606060606,306.68152866242036,,28.0,269.54545454545456,340.14516129032256,704.0,314.8888888888889,668.2857142857143,
26,2012,3,305.25,439.9032258064516,315.0,461.22222222222223,0.0,898.6666666666666,319.25,333.90625,380.35353535353534,435.0,286.0,295.25757575757575,605.3333333333334,511.72727272727275,567.0,498.96491228070175,253.94117647058823,,391.63917525773195,350.24242424242425,,28.0,234.3125,384.90909090909093,704.0,279.46666666666664,412.0,
27,2012,4,254.26666666666668,389.7019230769231,286.0,446.86206896551727,0.0,294.2,221.55555555555554,327.0348837209302,352.62227074235807,343.6,286.0,305.97777777777776,358.85714285714283,479.10714285714283,238.44444444444446,450.0487804878049,299.72,,403.7435897435897,311.5734597156398,,28.0,270.84415584415586,364.85227272727275,554.3333333333334,246.2077922077922,448.45454545454544,
28,2012,5,232.82142857142858,383.31,233.0,400.8333333333333,0.0,221.2,232.0,319.9909090909091,371.3235867446394,405.5,286.0,292.76047904191614,543.9090909090909,423.6923076923077,205.85714285714286,411.14444444444445,284.75,,399.1714285714286,299.81048387096774,295.3333333333333,92.0,267.3529411764706,345.1145833333333,520.5714285714286,248.3050847457627,276.0,
29,2012,6,205.0,403.65909090909093,267.1666666666667,395.3225806451613,0.0,221.2,236.85470085470087,337.55238095238093,394.65987780040734,274.6666666666667,286.0,286.3,530.8421052631579,449.1132075471698,216.32,468.6818181818182,303.2916666666667,,407.6263736263736,304.2186234817814,303.0,92.0,249.32051282051282,340.92792792792795,596.0,263.51612903225805,610.0,
30,2012,7,237.5909090909091,414.8,233.0,426.1,0.0,221.2,236.97222222222223,342.43859649122805,394.73728813559325,376.0,220.0,289.0612244897959,472.5,743.1153846153846,235.5,458.1047619047619,286.76666666666665,,391.8796296296296,316.92763157894734,303.0,92.0,266.13953488372096,350.5744680851064,596.0,272.45762711864404,600.2,
31,2012,8,292.25,423.9,224.5,410.59090909090907,0.0,221.2,246.4047619047619,314.0869565217391,426.04977375565613,501.6,220.0,288.39572192513367,320.0,547.6666666666666,197.22222222222223,428.7710843373494,265.125,,397.3838383838384,314.4,303.0,92.0,295.2142857142857,360.5217391304348,596.0,257.9056603773585,286.0,
32,2012,9,315.14285714285717,436.98275862068965,233.0,504.44444444444446,0.0,221.2,421.05405405405406,346.52941176470586,410.36579572446556,343.6,220.0,291.972602739726,544.0,746.4375,162.66666666666666,425.8139534883721,276.3225806451613,,390.56934306569343,311.6965517241379,0.0,92.0,323.5405405405405,358.6949152542373,633.6,310.0,292.0,
33,2012,10,307.5405405405405,409.49367088607596,240.8,535.1111111111111,0.0,333.2,359.2718446601942,337.13953488372096,406.46957878315135,220.0,220.0,321.91803278688525,410.0,375.55172413793105,219.42857142857142,437.0,286.09090909090907,,434.4357798165138,309.7675438596491,0.0,92.0,320.4848484848485,346.0886075949367,588.0,297.24,569.3333333333334,
34,2012,11,273.42857142857144,372.56060606060606,233.0,504.72727272727275,0.0,333.2,269.6734693877551,292.1666666666667,422.4412878787879,275.5,220.0,324.2621951219512,422.0,459.53333333333336,240.0,426.51807228915663,284.73333333333335,,408.1771428571429,314.91256830601094,0.0,92.0,407.1666666666667,367.77777777777777,588.0,294.6666666666667,553.4285714285714,
35,2012,12,278.6923076923077,355.1267605633803,233.0,481.8666666666667,344.0,333.2,301.9126213592233,297.98823529411766,473.15524193548384,441.5,220.0,328.77777777777777,372.0,448.2068965517241,226.66666666666666,454.2168674698795,272.9166666666667,,429.4651162790698,320.73295454545456,0.0,92.0,373.0416666666667,382.56,588.0,422.875,842.0,
36,2013,1,229.57894736842104,353.5964912280702,233.0,468.44444444444446,344.0,1225.0,226.7421875,330.26027397260276,489.4342379958246,670.2173913043479,220.0,304.9451219512195,492.875,436.97222222222223,135.0,470.35074626865674,266.20454545454544,,426.855421686747,311.6666666666667,0.0,92.0,289.125,368.0735294117647,739.0,381.9220779220779,540.0,
37,2013,2,235.75,352.078431372549,233.0,513.2,344.0,1225.0,232.16346153846155,335.9183673469388,422.489898989899,737.7142857142857,220.0,302.7841726618705,411.42857142857144,421.7083333333333,304.0,458.63829787234044,294.8857142857143,,424.52866242038215,310.75,0.0,92.0,251.0,369.6515151515151,356.6363636363636,363.9122807017544,478.6666666666667,
38,2013,3,316.8888888888889,307.2608695652174,233.0,467.55555555555554,344.0,1225.0,243.1153846153846,386.0,395.8602941176471,489.57142857142856,220.0,287.26984126984127,624.0,359.0,249.14285714285714,500.13513513513516,293.8,,388.06666666666666,317.9864864864865,0.0,92.0,254.64285714285714,355.9130434782609,256.0,243.75,478.6666666666667,
39,2013,4,290.05,352.6545454545454,233.0,508.96,344.0,459.0,229.4251968503937,318.8269230769231,405.8577680525164,462.0,220.0,293.0163934426229,491.6666666666667,406.3333333333333,275.70588235294116,469.8305084745763,270.3695652173913,,377.78010471204186,313.0131578947368,0.0,92.0,286.1666666666667,371.76,256.0,315.35483870967744,456.0,
40,2013,5,286.2040816326531,374.27777777777777,612.0,449.5,344.0,459.0,234.38918918918918,294.0,400.8789915966386,596.7142857142857,220.0,297.0182926829268,490.57142857142856,446.44444444444446,276.7567567567568,432.2079207920792,274.4583333333333,,440.0469483568075,308.7931034482759,0.0,92.0,268.4193548387097,342.25233644859816,265.84615384615387,314.1698113207547,424.6666666666667,
41,2013,6,223.31914893617022,378.32,612.0,470.3888888888889,344.0,459.0,258.6722222222222,306.2692307692308,373.94809688581313,612.8,220.0,310.09090909090907,401.89473684210526,462.27272727272725,245.66666666666666,449.24107142857144,282.2125,,454.30882352941177,309.78915662650604,0.0,92.0,273.03225806451616,331.1794871794872,294.54545454545456,312.675,509.6,
42,2013,7,186.6086956521739,392.11764705882354,612.0,542.8,344.0,459.0,250.7984496124031,335.96153846153845,375.9924623115578,476.0,220.0,318.47777777777776,438.5,419.84615384615387,196.0,476.5700934579439,314.5348837209302,,390.648,309.8796992481203,0.0,92.0,387.7894736842105,341.8831168831169,256.0,317.1304347826087,559.6923076923077,
43,2013,8,190.02083333333334,409.8333333333333,612.0,437.4736842105263,344.0,459.0,233.63716814159292,350.6111111111111,382.6611570247934,382.2857142857143,220.0,334.8876404494382,396.76190476190476,1259.774193548387,328.72727272727275,451.35064935064935,316.34285714285716,,398.40944881889766,303.2890625,0.0,92.0,352.53333333333336,348.8987341772152,256.0,249.23333333333332,668.0,
44,2013,9,170.11111111111111,432.0769230769231,300.0,474.10526315789474,344.0,792.3793103448276,286.0839160839161,314.75,404.96525096525096,431.75,220.0,309.80645161290323,422.4,1415.6363636363637,322.0,436.0945945945946,297.421875,,428.79289940828403,308.3375,0.0,92.0,394.25925925925924,340.6808510638298,469.6470588235294,417.25,299.0,
45,2013,10,188.38297872340425,389.7741935483871,300.0,464.8,344.0,792.3793103448276,309.19083969465646,327.4406779661017,407.6490250696379,483.3636363636364,220.0,318.2708333333333,364.3103448275862,1236.8,257.6,441.2528735632184,269.0769230769231,,380.8905472636816,302.0621118012422,0.0,92.0,364.0769230769231,346.30357142857144,400.72727272727275,257.97058823529414,456.0,
46,2013,11,204.0,362.265625,300.0,507.29411764705884,344.0,792.3793103448276,323.5981308411215,312.6461538461538,412.3869426751592,583.1363636363636,220.0,312.5933333333333,398.625,1115.974358974359,224.25,436.2736842105263,275.75581395348837,,402.9297520661157,314.53614457831327,0.0,92.0,299.92857142857144,349.7731092436975,472.0,377.5,857.3333333333334,
47,2013,12,190.6086956521739,367.5111111111111,300.0,479.93333333333334,344.0,792.3793103448276,282.0425531914894,349.1896551724138,379.69419642857144,418.5,220.0,321.0869565217391,391.55555555555554,996.1052631578947,242.5185185185185,438.7471264367816,280.29824561403507,,377.1726618705036,303.6991150442478,0.0,92.0,290.42424242424244,357.87179487179486,262.22222222222223,674.25,938.4,
48,2014,1,210.25531914893617,361.14285714285717,300.0,505.90909090909093,344.0,792.3793103448276,291.36082474226805,327.9591836734694,432.95565410199555,726.4193548387096,220.0,328.621359223301,416.6666666666667,922.88,236.375,439.8712121212121,261.2,,420.63380281690144,319.79411764705884,0.0,92.0,281.3333333333333,361.90697674418607,345.8333333333333,571.741935483871,725.1666666666666,
49,2014,2,215.42105263157896,356.8,300.0,501.5,344.0,792.3793103448276,271.3369565217391,362.7560975609756,405.35714285714283,814.0,220.0,311.3298969072165,391.1111111111111,757.0731707317074,260.27777777777777,435.5042735042735,286.61538461538464,,419.53543307086613,312.5,0.0,92.0,283.8076923076923,342.5232558139535,438.0,294.18518518518516,722.5384615384615,
50,2014,3,265.0,346.85714285714283,300.0,522.5,344.0,694.5,230.5,395.8,393.75151515151515,626.2666666666667,220.0,292.0875,368.0,1174.9583333333333,231.6153846153846,432.3536585365854,273.3658536585366,,405.9537037037037,298.6575342465753,0.0,92.0,296.72727272727275,353.68518518518516,280.0,344.3333333333333,434.4,
51,2014,4,214.10526315789474,358.0625,300.0,511.9714285714286,344.0,333.2,249.7159090909091,343.79411764705884,380.68429237947123,424.40425531914894,220.0,319.0440251572327,440.17391304347825,758.1470588235294,267.14285714285717,406.9313725490196,282.3333333333333,,400.1639344262295,304.05645161290323,0.0,92.0,285.6875,349.468253968254,475.52941176470586,389.20588235294116,504.8,
52,2014,5,175.24,328.811320754717,300.0,492.9375,344.0,333.2,245.13924050632912,353.8333333333333,379.22748815165875,516.8,220.0,316.6145251396648,381.42857142857144,1180.5806451612902,315.48148148148147,405.64285714285717,266.82089552238807,,441.46363636363634,310.66265060240966,0.0,92.0,296.37931034482756,369.02830188679246,302.90909090909093,278.93023255813955,156.0,
53,2014,6,178.02173913043478,325.3469387755102,300.0,526.3611111111111,344.0,212.0,252.66935483870967,353.60227272727275,384.2124060150376,468.6666666666667,220.0,308.81176470588235,441.1707317073171,1145.2727272727273,348.94444444444446,430.9834710743802,275.7012987012987,,404.1380753138075,306.2950819672131,0.0,92.0,297.67857142857144,358.5742574257426,645.7857142857143,276.8181818181818,574.4615384615385,
54,2014,7,181.2051282051282,440.56410256410254,300.0,458.9,344.0,212.0,324.77027027027026,379.64516129032256,404.958984375,514.829268292683,220.0,283.91875,376.42857142857144,391.25925925925924,402.54545454545456,441.2118644067797,269.68333333333334,,420.45454545454544,299.8688524590164,0.0,92.0,291.4,356.01234567901236,574.1666666666666,266.84444444444443,493.25,
55,2014,8,173.3,428.6666666666667,300.0,468.47222222222223,344.0,212.0,352.7435897435897,299.5,404.24295010845987,574.7916666666666,220.0,347.1301775147929,414.85714285714283,427.2758620689655,332.5,409.72566371681415,287.3095238095238,,382.46031746031747,296.24038461538464,0.0,92.0,283.76666666666665,352.14285714285717,375.6,274.41333333333336,507.0,
56,2014,9,112.0625,409.15384615384613,300.0,541.4848484848485,344.0,792.3125,301.77669902912623,333.5208333333333,403.02872531418313,535.8196721311475,220.0,308.33116883116884,398.60869565217394,376.86206896551727,248.23529411764707,394.95,287.9387755102041,,387.68,312.42622950819674,0.0,92.0,358.45454545454544,341.34090909090907,863.6,284.6923076923077,602.0,
57,2014,10,163.75675675675674,412.27659574468083,300.0,483.0,344.0,792.3125,285.1818181818182,366.6825396825397,385.3222591362126,482.09302325581393,220.0,295.77714285714285,408.3076923076923,904.8181818181819,209.48214285714286,379.91752577319585,255.54545454545453,,431.34199134199133,310.29661016949154,0.0,92.0,327.3333333333333,339.09166666666664,780.75,272.8636363636364,376.0,
58,2014,11,135.46666666666667,441.45652173913044,300.0,490.14285714285717,344.0,552.0,327.359649122807,437.9583333333333,492.65384615384613,506.04,220.0,295.167701863354,447.0,952.0701754385965,261.984126984127,381.46,264.85714285714283,,463.6561403508772,312.52941176470586,0.0,92.0,252.44444444444446,351.62745098039215,734.4,366.2093023255814,368.57142857142856,
59,2014,12,125.46153846153847,392.8888888888889,300.0,503.2857142857143,344.0,552.0,219.4,307.32,405.64,557.0,220.0,324.4651162790698,447.0,412.57142857142856,179.71428571428572,416.2857142857143,276.1,,402.1904761904762,315.8333333333333,0.0,92.0,317.5,410.4166666666667,662.0,316.0,310.0,
60,2015,1,117.2258064516129,404.2340425531915,300.0,449.92105263157896,344.0,208.0,214.75862068965517,403.3695652173913,380.1195652173913,539.0,220.0,327.43589743589746,470.4,720.4545454545455,193.5,531.0733944954128,336.9032258064516,,380.55555555555554,291.3488372093023,0.0,92.0,324.4,414.1,267.0,424.95652173913044,545.6,
61,2015,2,132.6451612903226,384.3783783783784,300.0,453.0444444444444,344.0,208.0,197.22307692307692,395.2608695652174,397.91469194312793,532.8,220.0,334.6849315068493,652.5714285714286,582.3589743589744,265.73333333333335,548.530487804878,382.51851851851853,,355.311320754717,300.75,0.0,92.0,342.8,411.7111111111111,407.3333333333333,305.1578947368421,541.92,
62,2015,3,184.0,394.5,300.0,482.5,344.0,883.6875,199.0752688172043,344.1521739130435,413.5506756756757,464.7951807228916,220.0,290.55,272.0,365.55882352941177,315.0,406.1485148514852,333.81081081081084,,352.9633027522936,309.0,0.0,92.0,382.2,387.97297297297297,485.8636363636364,319.3333333333333,525.4545454545455,
63,2015,4,189.3548387096774,342.2962962962963,300.0,485.90909090909093,344.0,325.0,209.97285067873304,310.04347826086956,404.99787234042554,450.1366459627329,220.0,286.44642857142856,684.8571428571429,348.47727272727275,339.55,387.73553719008265,298.4117647058824,,370.37714285714287,302.6818181818182,0.0,92.0,291.22222222222223,411.84615384615387,350.4761904761905,465.06666666666666,470.0,
64,2015,5,177.07692307692307,366.75,300.0,481.7368421052632,344.0,325.0,219.78807947019868,329.8072289156627,375.4817813765182,432.00925925925924,220.0,307.26056338028167,726.0,342.6756756756757,324.25,378.7647058823529,284.1186440677966,,376.31073446327684,294.30526315789473,0.0,92.0,305.94444444444446,439.84615384615387,298.8095238095238,286.54545454545456,383.2,
65,2015,6,193.5151515151515,375.54455445544556,233.0,467.71666666666664,344.0,325.0,220.08163265306123,323.1818181818182,388.032,454.75,220.0,312.30379746835445,562.6666666666666,540.4,290.6,423.77372262773724,284.6393442622951,,367.7682926829268,299.09,0.0,92.0,306.36,411.43636363636364,344.6875,254.66666666666666,523.0769230769231,
66,2015,7,163.56521739130434,357.1060606060606,233.0,470.30357142857144,344.0,325.0,233.53939393939393,310.77777777777777,417.75,600.69,220.0,316.6306306306306,530.0,899.9047619047619,280.72,430.2783505154639,290.2173913043478,,377.42483660130716,299.26027397260276,0.0,92.0,279.4,407.28125,376.2142857142857,279.55555555555554,464.0,
67,2015,8,187.35,384.77777777777777,233.0,443.0208333333333,344.0,325.0,208.42441860465115,312.63793103448273,443.14686825053997,651.5862068965517,220.0,294.0674157303371,595.2,808.16,291.3,405.8139534883721,247.66666666666666,,366.1190476190476,286.4788732394366,0.0,92.0,322.5,386.4166666666667,349.0769230769231,287.6578947368421,429.77777777777777,
68,2015,9,167.25,376.7012987012987,233.0,467.02,344.0,708.7560975609756,220.03030303030303,380.17241379310343,393.3024193548387,663.7409638554217,220.0,294.92537313432837,764.0,493.2,314.1818181818182,411.5374149659864,264.96875,,397.48809523809524,293.75280898876406,0.0,92.0,244.23076923076923,394.0612244897959,444.44444444444446,301.0,387.63157894736844,
69,2015,10,178.76923076923077,360.43333333333334,233.0,441.5777777777778,344.0,160.0,260.0054945054945,371.59420289855075,400.49007936507934,638.6436781609195,220.0,302.7439024390244,771.0,499.9032258064516,249.03703703703704,396.44545454545454,280.1607142857143,,386.1073446327684,311.46268656716416,0.0,92.0,360.5,365.4142857142857,373.7692307692308,603.2,302.6666666666667,
70,2015,11,186.28571428571428,362.65384615384613,233.0,480.5813953488372,344.0,160.0,263.0625,353.943661971831,374.47859922178986,669.6630434782609,220.0,308.2923976608187,657.4117647058823,558.939393939394,207.61904761904762,405.6140350877193,308.3424657534247,,346.1329787234043,319.6507936507937,0.0,92.0,441.4782608695652,348.5,362.5,311.3333333333333,422.22222222222223,
71,2015,12,180.6,402.7818181818182,233.0,480.5348837209302,12.0,398.0,264.04294478527606,366.6470588235294,379.84583333333336,628.6061946902655,220.0,319.3020134228188,624.8,424.7307692307692,235.55555555555554,425.4423076923077,311.9298245614035,,370.3959731543624,320.4782608695652,0.0,92.0,971.4285714285714,380.51851851851853,307.15384615384613,418.15384615384613,540.5,
72,2016,1,174.8235294117647,426.05,233.0,495.4313725490196,12.0,462.0,260.5820895522388,322.6730769230769,398.8690476190476,560.9219330855019,220.0,309.968253968254,719.1111111111111,375.0857142857143,306.07142857142856,430.7238095238095,309.5945945945946,,377.6423841059603,310.8061224489796,0.0,92.0,576.75,419.8695652173913,531.2,460.0,612.92,
73,2016,2,201.21428571428572,410.0779220779221,233.0,533.829268292683,12.0,462.0,241.96186440677965,307.015873015873,383.3368644067797,497.9227272727273,220.0,328.54285714285714,624.0,508.8181818181818,303.2173913043478,421.6862745098039,279.4,,379.0070921985816,298.7378640776699,0.0,92.0,347.25,432.234375,495.42857142857144,293.0,624.0,
74,2016,3,298.85185185185185,386.6865671641791,233.0,424.3265306122449,12.0,698.6727272727272,236.2135922330097,392.57894736842104,345.22244897959183,437.351598173516,220.0,342.9312977099237,399.0,528.05,299.6190476190476,412.1,241.59375,,370.3061224489796,278.8791208791209,0.0,92.0,329.8181818181818,374.8196721311475,376.0,639.0,605.8823529411765,
75,2016,4,234.96296296296296,351.6923076923077,233.0,457.8888888888889,12.0,388.3333333333333,224.69379844961242,472.7826086956522,362.53151618398635,451.26666666666665,220.0,315.55882352941177,255.0,375.6363636363636,294.46153846153845,447.25,300.075,,343.50943396226415,292.0989010989011,0.0,92.0,378.70588235294116,357.7368421052632,354.3333333333333,1346.0,503.42857142857144,
76,2016,5,201.8125,333.2142857142857,233.0,459.21794871794873,12.0,388.3333333333333,207.68773234200742,369.8666666666667,366.708719851577,383.42767295597486,220.0,306.13496932515335,278.0,378.5609756097561,226.5,468.9574468085106,289.4166666666667,,347.58641975308643,293.82142857142856,0.0,92.0,289.90909090909093,358.0769230769231,292.72727272727275,285.0,643.5,
77,2016,6,195.21052631578948,335.4642857142857,233.0,478.859375,12.0,388.3333333333333,253.04135338345864,278.140625,399.6629213483146,476.50515463917526,220.0,301.80132450331126,352.2,457.14285714285717,191.06451612903226,490.1986301369863,251.91666666666666,,391.2278481012658,296.07042253521126,0.0,92.0,315.53846153846155,373.0,260.0,264.0,608.8888888888889,
78,2016,7,187.45454545454547,325.82954545454544,233.0,482.2903225806452,12.0,388.3333333333333,227.06285714285715,269.078125,397.4792452830189,540.5882352941177,220.0,312.812030075188,333.3333333333333,347.375,304.0833333333333,523.0451977401129,228.06896551724137,,401.27672955974845,292.05970149253733,0.0,92.0,310.06666666666666,385.7169811320755,265.45454545454544,287.6842105263158,627.0,
79,2016,8,147.36,319.93150684931504,233.0,487.53125,12.0,388.3333333333333,250.765625,264.11764705882354,403.50280373831777,613.5269461077844,220.0,312.9714285714286,864.0,385.2142857142857,283.6842105263158,489.8471337579618,228.92,,383.6551724137931,302.8205128205128,0.0,92.0,288.27777777777777,371.39130434782606,337.8181818181818,315.88461538461536,631.375,
80,2016,9,172.5625,331.4909090909091,233.0,499.2105263157895,12.0,843.4782608695652,219.30107526881721,280.25,434.03090909090906,618.9769585253456,220.0,278.44628099173553,625.8823529411765,472.07142857142856,278.4,499.83240223463685,253.66666666666666,,367.45588235294116,340.3921568627451,0.0,92.0,236.0,372.22641509433964,256.0,342.22222222222223,488.93333333333334,
81,2016,10,198.0952380952381,335.09589041095893,233.0,534.2051282051282,12.0,298.0,210.94845360824743,294.95959595959596,395.7117988394584,639.1198156682028,220.0,283.6363636363636,525.1428571428571,448.3703703703704,292.0,482.231884057971,260.2,,329.325,322.8888888888889,0.0,92.0,380.0,349.12820512820514,283.0,340.8,257.5,
82,2016,11,143.03846153846155,319.5268817204301,233.0,515.9777777777778,12.0,298.0,193.1823899371069,294.1818181818182,414.20458891013385,629.3063063063063,220.0,282.2785714285714,541.6,457.7741935483871,359.6363636363636,452.6744186046512,297.4166666666667,,326.5079365079365,305.3529411764706,0.0,92.0,236.8,334.5945945945946,248.0,299.7142857142857,247.5,
83,2016,12,165.28571428571428,350.9901960784314,233.0,501.91379310344826,1.0,298.0,199.4569536423841,291.0925925925926,380.72660550458716,582.3644067796611,220.0,281.045197740113,656.0,489.14285714285717,284.75,495.704,302.52777777777777,,355.05,314.4810126582278,0.0,92.0,257.0,331.6756756756757,256.0,309.06666666666666,533.7777777777778,
84,2017,1,191.69230769230768,374.0104166666667,233.0,547.0425531914893,1.0,462.0,192.7089552238806,301.0813953488372,343.49893842887474,514.2061855670103,220.0,299.47027027027025,608.0,408.5,202.4375,458.97752808988764,257.8888888888889,,385.99378881987576,322.4691358024691,0.0,92.0,289.0,358.55555555555554,268.3636363636364,295.46666666666664,541.3846153846154,
85,2017,2,206.0,367.7,233.0,560.7608695652174,1.0,913.5555555555555,210.765625,292.4842105263158,347.1190476190476,461.936,220.0,301.87567567567567,256.8,333.27906976744185,295.64285714285717,425.74301675977654,213.76,,366.8545454545455,292.6233766233766,0.0,92.0,333.2,384.0,412.57142857142856,264.57142857142856,678.6666666666666,
86,2017,3,205.33333333333334,295.1029411764706,233.0,469.13461538461536,1.0,721.1379310344828,243.70555555555555,328.0230769230769,334.88988764044944,406.02941176470586,220.0,287.0159574468085,256.8,422.4102564102564,299.25714285714287,445.6484848484848,240.0,,341.7906976744186,305.61538461538464,0.0,92.0,296.6,342.56,393.3333333333333,383.6923076923077,754.0833333333334,
87,2017,4,133.09677419354838,284.85135135135135,233.0,470.375,1.0,333.2,260.6711111111111,337.23809523809524,351.6496815286624,399.93906810035844,220.0,289.69662921348316,410.6666666666667,423.56666666666666,325.48148148148147,426.4724409448819,198.5,,337.74468085106383,314.69444444444446,0.0,92.0,449.8,337.3953488372093,256.0,785.0,850.6666666666666,
88,2017,5,177.2941176470588,315.92452830188677,233.0,456.234375,1.0,333.2,257.3707317073171,330.74545454545455,350.1309523809524,358.1283422459893,220.0,295.74407582938386,362.0,407.75,378.3333333333333,419.784,243.76,,363.30075187969925,308.987012987013,0.0,92.0,374.0,318.46938775510205,341.6666666666667,211.42857142857142,676.8,62.0
89,2017,6,200.0,353.752,233.0,435.7068965517241,1.0,333.2,267.29585798816566,328.5882352941176,361.87620889748547,381.8455284552846,220.0,304.1235294117647,580.8,546.4864864864865,350.25,429.9451219512195,280.57142857142856,,347.7257142857143,314.92134831460675,0.0,92.0,341.2631578947368,334.0851063829787,256.0,261.0,527.0909090909091,62.0
90,2017,7,201.3793103448276,363.7450980392157,233.0,469.55737704918033,1.0,333.2,294.3636363636364,322.19607843137254,363.9874739039666,473.7926267281106,220.0,334.32894736842104,392.0,437.375,290.1111111111111,445.13592233009706,211.52,,366.1975308641975,324.2682926829268,0.0,92.0,244.5,308.3333333333333,379.42857142857144,300.70588235294116,473.04347826086956,62.0
91,2017,8,245.55555555555554,336.2345679012346,233.0,486.925,1.0,808.4,247.19095477386935,313.17721518987344,374.35907335907336,579.3988439306358,220.0,316.5287958115183,678.6666666666666,436.63157894736844,321.58620689655174,411.69182389937106,209.5,,370.8780487804878,294.2156862745098,0.0,92.0,192.22222222222223,312.3076923076923,256.0,276.0,533.8666666666667,62.0
92,2017,9,180.28571428571428,333.0357142857143,233.0,443.5,1.0,765.0,308.5204678362573,291.90909090909093,389.54919499105546,574.932,220.0,313.09714285714284,294.6666666666667,541.5172413793103,323.3333333333333,434.0064935064935,408.9230769230769,,362.34659090909093,286.8131868131868,0.0,92.0,177.6,340.0,691.1111111111111,231.33333333333334,661.75,62.0
93,2017,10,182.25,337.3058823529412,233.0,465.76190476190476,1.0,765.0,326.3333333333333,286.9367088607595,388.9413629160063,544.0365853658536,220.0,296.38926174496646,420.6666666666667,641.5384615384615,329.25,387.43220338983053,292.8,,357.625,291.11578947368423,0.0,92.0,235.45454545454547,394.2857142857143,256.0,255.25,377.3333333333333,62.0
94,2017,11,210.42857142857142,365.325,233.0,444.1372549019608,1.0,765.0,291.5586206896552,307.89473684210526,349.565445026178,533.5527638190955,220.0,287.0056818181818,366.0,481.2340425531915,254.0,367.02758620689656,308.8421052631579,,353.5483870967742,299.1926605504587,0.0,92.0,290.0,389.2,256.0,258.15384615384613,464.0,62.0
95,2017,12,183.8095238095238,417.1770833333333,233.0,447.54285714285714,1.0,765.0,294.5111111111111,345.94444444444446,362.98604651162793,519.1611111111112,220.0,285.89130434782606,338.0,483.14285714285717,271.25,405.3448275862069,302.05405405405406,,371.95348837209303,304.7070707070707,0.0,92.0,288.2857142857143,350.3333333333333,256.0,348.6666666666667,588.7272727272727,62.0
96,2018,1,240.75,404.6796875,233.0,470.27272727272725,1.0,765.0,342.9382716049383,363.0169491525424,385.1272365805169,496.3788395904437,220.0,279.2741935483871,274.2857142857143,500.9655172413793,223.8,418.68715083798884,344.54545454545456,,391.0820895522388,301.77272727272725,0.0,92.0,282.0,306.5,648.1,522.3333333333334,670.8421052631579,62.0
97,2018,2,249.2173913043478,369.9732142857143,233.0,474.48571428571427,1.0,765.0,328.1443298969072,286.25333333333333,351.33641404805917,496.3539094650206,220.0,283.6737588652482,352.0,537.7777777777778,303.037037037037,401.60122699386505,426.0625,,357.4295302013423,320.1592920353982,0.0,92.0,332.0,306.0,278.4,393.5,573.92,62.0
98,2018,3,332.3809523809524,358.03418803418805,233.0,433.60377358490564,1.0,741.7627118644068,217.4852071005917,319.48936170212767,325.0492505353319,401.505376344086,220.0,290.45864661654133,329.3333333333333,399.8695652173913,233.58333333333334,415.3375796178344,301.0,,364.08125,314.82758620689657,0.0,92.0,522.2857142857143,296.51851851851853,256.0,289.6,692.734693877551,62.0
99,2018,4,344.1818181818182,336.3,233.0,396.7413793103448,1.0,325.8125,213.08235294117648,311.63157894736844,325.3389121338912,351.96949152542373,220.0,280.76129032258063,329.3333333333333,411.7647058823529,221.4102564102564,407.12295081967216,231.2,,359.6448087431694,311.8235294117647,0.0,92.0,248.0,291.93939393939394,256.0,504.0,648.3636363636364,62.0
100,2018,5,217.84615384615384,351.991452991453,233.0,460.175,1.0,224.0,241.37575757575758,345.1458333333333,326.1377049180328,333.7795698924731,220.0,277.2450980392157,329.8181818181818,465.96,235.44827586206895,409.22222222222223,218.58823529411765,28.0,354.2795698924731,296.35051546391753,104.0,92.0,319.0,304.1212121212121,256.0,228.0,778.7692307692307,62.0
101,2018,6,266.87179487179486,359.8059701492537,233.0,482.30555555555554,1.0,224.0,245.52036199095022,382.275,341.06368330464716,345.008,220.0,279.2708333333333,324.0,435.6111111111111,249.06666666666666,425.48979591836735,212.1818181818182,28.0,351.70588235294116,294.06976744186045,104.0,92.0,294.875,345.03225806451616,727.8,220.4,623.3846153846154,62.0
102,2018,7,288.06666666666666,374.81632653061223,233.0,481.79545454545456,1.0,224.0,225.49468085106383,361.37704918032784,360.24590163934425,467.89861751152074,220.0,270.4065934065934,148.0,441.72222222222223,326.2,453.032967032967,204.13793103448276,28.0,353.512987012987,278.8888888888889,104.0,92.0,367.2,340.1875,598.0,234.0,589.5111111111111,62.0
103,2018,8,306.7096774193548,368.3529411764706,233.0,505.74418604651163,1.0,669.5,320.541935483871,339.0,373.189453125,515.2975609756097,220.0,276.2282608695652,228.0,390.5925925925926,260.3,446.9325153374233,192.88888888888889,28.0,345.23837209302326,273.92134831460675,104.0,92.0,244.5,311.1,534.375,237.84615384615384,545.3559322033898,62.0
104,2018,9,274.0,365.60869565217394,233.0,476.19444444444446,1.0,641.8333333333334,222.8298969072165,308.94202898550725,375.1536748329621,560.2519685039371,220.0,286.02366863905326,226.0,410.0952380952381,240.90697674418604,467.5769230769231,256.0,28.0,364.8614457831325,276.037037037037,104.0,92.0,275.0,319.42857142857144,354.0,254.5,541.1692307692308,62.0
105,2018,10,306.1818181818182,351.0769230769231,233.0,472.4634146341463,1.0,641.8333333333334,221.32417582417582,284.44262295081967,351.1912681912682,518.990625,220.0,294.2528735632184,248.92307692307693,406.03333333333336,294.06451612903226,457.23655913978496,241.76315789473685,28.0,368.6470588235294,290.6941176470588,104.0,92.0,206.66666666666666,319.85714285714283,287.2,276.8333333333333,304.3809523809524,62.0
106,2018,11,280.5217391304348,346.9425287356322,233.0,485.4255319148936,1.0,948.0,256.0061728395062,268.4583333333333,348.72972972972974,493.16806722689074,220.0,283.59375,361.0,430.0,353.31481481481484,464.03846153846155,242.15,28.0,360.2923076923077,303.6170212765957,104.0,47.0,122.76923076923077,312.3255813953488,343.6,282.5,435.2857142857143,62.0
107,2018,12,297.36842105263156,348.7113402061856,233.0,468.13461538461536,26.0,763.5555555555555,203.4,313.12048192771084,354.21311475409834,485.0469483568075,220.0,278.3977900552486,570.0,465.6842105263158,247.30612244897958,455.75816993464053,308.6,28.0,390.7692307692308,302.0,104.0,47.0,222.125,326.75,320.0,313.3,573.8333333333334,62.0
108,2019,1,363.7142857142857,323.64220183486236,233.0,441.04411764705884,26.0,763.5555555555555,240.748031496063,334.96610169491527,356.3226666666667,452.19018404907973,220.0,305.503937007874,570.0,409.0,276.1904761904762,448.13615023474176,293.4375,28.0,391.9946524064171,311.6373626373626,104.0,47.0,222.125,317.1764705882353,587.6923076923077,305.42857142857144,599.2903225806451,62.0
109,2019,2,322.8666666666667,343.6868686868687,233.0,482.864406779661,26.0,769.8333333333334,231.82993197278913,311.01408450704224,347.7309644670051,418.85,220.0,308.6764705882353,254.0,490.3333333333333,287.3783783783784,447.43859649122805,229.0,28.0,408.0585106382979,306.98979591836735,104.0,47.0,232.0,343.2916666666667,548.3333333333334,221.84615384615384,601.9428571428572,62.0
110,2019,3,312.1578947368421,352.8659793814433,233.0,471.14,26.0,700.3232323232323,230.8012048192771,324.01666666666665,328.0455764075067,401.25531914893617,220.0,326.6029411764706,234.0,445.7567567567568,223.64864864864865,441.28205128205127,237.82608695652175,28.0,375.7365269461078,302.70652173913044,104.0,47.0,173.71428571428572,313.5,423.3333333333333,228.36363636363637,630.9230769230769,62.0
111,2019,4,312.2173913043478,363.75652173913045,233.0,421.2739726027397,26.0,361.23809523809524,271.84466019417476,389.4102564102564,350.78552971576227,350.4043321299639,220.0,306.9006211180124,359.42857142857144,407.5,214.61764705882354,462.136,251.8235294117647,28.0,355.8611111111111,293.8229166666667,104.0,47.0,171.6,295.7,252.0,336.85714285714283,572.4761904761905,62.0
112,2019,5,255.35714285714286,348.74603174603175,233.0,495.90384615384613,26.0,492.0,279.295154185022,453.36206896551727,363.5805555555556,316.1764705882353,220.0,285.57575757575756,364.0,376.0,297.7931034482759,454.99122807017545,247.42105263157896,28.0,369.92134831460675,306.23333333333335,104.0,47.0,359.7142857142857,307.609756097561,370.0,221.125,706.5454545454545,62.0
113,2019,6,241.72972972972974,372.6637168141593,233.0,452.75,26.0,492.0,242.17254901960786,388.5238095238095,382.40664961636827,370.57575757575756,220.0,274.98039215686276,338.4,405.6363636363636,333.0,443.5827814569536,226.1081081081081,28.0,361.6287878787879,292.9894736842105,104.0,47.0,300.3125,319.5833333333333,368.8,248.88888888888889,590.05,62.0
114,2019,7,266.2105263157895,389.19767441860466,233.0,488.6,26.0,492.0,262.63440860215053,344.7169811320755,380.06161137440756,458.1347826086957,220.0,283.11442786069654,366.0,375.8636363636364,338.40816326530614,444.7142857142857,191.33333333333334,28.0,383.46456692913387,288.59183673469386,104.0,47.0,327.2,324.72340425531917,311.0,264.77777777777777,512.6037735849056,62.0
115,2019,8,318.5882352941176,373.08474576271186,860.0,491.9811320754717,26.0,639.0,224.98529411764707,293.4810126582278,390.27848101265823,488.49038461538464,220.0,277.53694581280786,308.0,494.3181818181818,305.60526315789474,440.77070063694265,264.72727272727275,28.0,408.94674556213016,302.1639344262295,104.0,47.0,318.57142857142856,319.35,726.8181818181819,277.62068965517244,680.6829268292682,62.0
116,2019,9,316.4102564102564,366.5777777777778,860.0,489.94545454545454,26.0,696.6666666666666,215.59036144578315,305.72131147540983,377.60731707317075,527.7095588235294,220.0,283.8229166666667,308.0,454.375,412.63157894736844,451.6462585034014,284.22222222222223,28.0,397.51176470588234,320.92753623188406,104.0,47.0,335.27272727272725,311.6923076923077,766.8571428571429,219.94285714285715,679.0909090909091,62.0
117,2019,10,272.77272727272725,361.8659793814433,860.0,475.98214285714283,26.0,520.0,217.9047619047619,271.51724137931035,365.9664694280079,533.3708333333333,220.0,306.4022346368715,308.0,404.734693877551,480.7083333333333,425.3302752293578,282.53846153846155,28.0,382.75155279503105,315.72222222222223,104.0,47.0,368.85714285714283,296.2857142857143,292.0,220.8780487804878,428.3636363636364,62.0
118,2019,11,272.82758620689657,348.6062992125984,860.0,482.8125,26.0,520.0,216.01041666666666,296.9516129032258,371.6666666666667,539.9431279620853,220.0,302.55029585798815,288.0,420.5348837209302,366.86486486486484,426.93023255813955,258.7826086956522,28.0,429.6296296296296,311.95180722891564,104.0,47.0,529.6363636363636,302.14814814814815,352.0,227.76,622.4,62.0
119,2019,12,280.8780487804878,372.0077519379845,860.0,483.72340425531917,26.0,520.0,220.37563451776649,281.55,367.9440715883669,517.4864864864865,220.0,281.1326530612245,248.0,419.44827586206895,244.28571428571428,447.26356589147287,230.0,28.0,433.735632183908,320.0449438202247,104.0,47.0,474.0,299.92727272727274,438.0,215.75,626.0,62.0
120,2020,1,293.64102564102564,384.07272727272726,860.0,517.6551724137931,26.0,616.0,226.045197740113,401.3157894736842,397.29834254143645,483.6254180602007,220.0,279.6136363636364,248.0,433.9310344827586,338.06,449.7278481012658,218.75,28.0,422.78333333333336,312.9026548672566,104.0,47.0,358.0,343.6,366.4,262.4,701.953488372093,62.0
121,2020,2,277.4117647058824,365.675799086758,860.0,490.0181818181818,26.0,832.0,273.1,391.0869565217391,418.54754098360655,430.88715953307394,220.0,284.544,248.0,363.3142857142857,358.9298245614035,437.9294871794872,296.2857142857143,28.0,413.73732718894007,318.6186440677966,104.0,47.0,256.44444444444446,335.4146341463415,732.0,229.6,603.625,62.0
122,2020,3,217.09677419354838,372.31658291457285,860.0,451.3625,26.0,672.739837398374,243.08870967741936,356.7313432835821,388.84736842105264,395.3076923076923,220.0,281.35593220338984,352.0,454.2258064516129,394.7368421052632,469.2814814814815,260.0,28.0,406.5128205128205,316.9824561403509,104.0,47.0,150.28571428571428,318.2352941176471,732.0,250.51111111111112,632.4035087719299,62.0
123,2020,4,239.07142857142858,392.90252707581226,860.0,486.01075268817203,26.0,576.5396825396825,195.41666666666666,341.5232558139535,353.0324074074074,321.93548387096774,220.0,270.30065359477123,352.0,472.42105263157896,405.44444444444446,475.1333333333333,254.28571428571428,28.0,400.6101694915254,320.76119402985074,104.0,47.0,204.0,320.57142857142856,732.0,252.31578947368422,610.4117647058823,62.0
124,2020,5,256.95652173913044,379.56313993174064,860.0,468.0,26.0,333.2,230.95876288659792,377.2686567164179,362.90425531914894,295.0251256281407,220.0,282.67469879518075,328.0,518.2222222222222,337.8235294117647,453.7368421052632,237.79166666666666,28.0,406.3186274509804,322.3301886792453,104.0,47.0,369.8181818181818,319.4222222222222,732.0,218.74074074074073,625.0,62.0
125,2020,6,328.8611111111111,363.59285714285716,860.0,445.968253968254,26.0,333.2,249.29710144927537,415.84285714285716,385.61095100864554,311.7171717171717,220.0,274.60591133004925,347.5,763.52,322.8235294117647,441.008547008547,228.24137931034483,28.0,413.7352941176471,310.8627450980392,104.0,47.0,203.33333333333334,319.5121951219512,1107.3333333333333,247.66666666666666,690.0833333333334,62.0
126,2020,7,326.7027027027027,363.3157894736842,860.0,446.2542372881356,26.0,333.2,228.26415094339623,376.19444444444446,341.06315789473683,452.6453488372093,220.0,248.97080291970804,250.66666666666666,413.38461538461536,318.5,467.0509554140127,266.4,28.0,382.75,302.4188034188034,104.0,47.0,180.22222222222223,340.2068965517241,848.4,239.33333333333334,706.0196078431372,62.0
127,2020,8,304.5833333333333,357.8407407407407,860.0,447.2535211267606,26.0,772.6,243.1315789473684,348.1777777777778,353.9449541284404,498.9316239316239,220.0,263.29375,250.66666666666666,659.375,349.7878787878788,444.7519379844961,294.6363636363636,28.0,383.921568627451,304.39130434782606,104.0,47.0,188.36363636363637,312.2962962962963,956.5,261.94736842105266,535.5294117647059,62.0
128,2020,9,314.90909090909093,379.05859375,860.0,442.32307692307694,26.0,594.9733333333334,240.70238095238096,352.3181818181818,360.30802603036875,531.6315789473684,220.0,276.06944444444446,256.0,404.57142857142856,356.0,456.5728155339806,283.84,28.0,386.5,322.9220779220779,104.0,47.0,151.83333333333334,287.75,933.3333333333334,278.3157894736842,538.1232876712329,62.0
129,2020,10,270.75555555555553,366.3292181069959,860.0,452.7230769230769,26.0,547.8181818181819,237.45641025641027,319.1020408163265,336.10574712643677,510.37894736842105,220.0,265.43835616438355,256.0,342.75,425.078431372549,465.8829787234043,292.1923076923077,28.0,380.6777777777778,324.35353535353534,104.0,47.0,338.14285714285717,306.4,933.3333333333334,271.3333333333333,546.4444444444445,62.0
130,2020,11,259.4761904761905,359.3377192982456,860.0,470.7962962962963,26.0,601.375,223.39622641509433,334.02597402597405,332.7529411764706,533.52,220.0,292.4673913043478,256.0,375.7647058823529,397.27906976744185,449.04040404040404,267.68,28.0,400.2386363636364,325.46610169491527,104.0,47.0,527.0769230769231,317.62857142857143,933.3333333333334,270.8333333333333,525.4782608695652,62.0
131,2020,12,250.17391304347825,352.3225806451613,860.0,469.3137254901961,26.0,559.875,224.75897435897437,346.1666666666667,345.6595744680851,514.6428571428571,220.0,326.27272727272725,436.0,424.0,335.4,468.48837209302326,245.04347826086956,28.0,397.1333333333333,325.93,104.0,47.0,214.88235294117646,320.5925925925926,768.0,256.8,692.6444444444444,62.0
132,2021,1,229.69230769230768,374.7831715210356,860.0,491.72340425531917,26.0,570.6923076923077,279.95629820051414,367.9550561797753,349.76846590909093,467.44444444444446,220.0,274.9105691056911,240.0,421.9047619047619,315.685393258427,492.06129032258065,226.43478260869566,28.0,372.7406015037594,313.24226804123714,104.0,47.0,255.0,377.1333333333333,768.0,252.95652173913044,665.3275862068965,62.0
133,2021,2,350.0,379.64444444444445,860.0,505.52272727272725,26.0,648.2352941176471,217.02486187845304,415.4166666666667,443.5091463414634,432.85,220.0,294.63157894736844,272.0,386.8,349.0169491525424,445.7886178861789,250.1818181818182,28.0,372.61607142857144,312.7956989247312,104.0,47.0,351.2,367.3142857142857,768.0,444.0,611.625,62.0
134,2021,3,348.44444444444446,377.3305084745763,860.0,519.8085106382979,26.0,744.0836653386455,210.87947882736157,390.55357142857144,382.53819444444446,363.2586206896552,220.0,281.8738738738739,268.0,573.7142857142857,306.7906976744186,446.73636363636365,207.0625,28.0,363.38709677419354,301.7926829268293,104.0,47.0,298.90909090909093,336.5925925925926,768.0,361.0952380952381,617.6836734693877,62.0
135,2021,4,382.77272727272725,360.49626865671644,860.0,518.1063829787234,26.0,357.05882352941177,225.83770883054893,365.4468085106383,367.25088339222617,319.8989361702128,220.0,260.1268656716418,268.0,470.5263157894737,325.7818181818182,465.80281690140845,224.0,28.0,380.64864864864865,316.8125,104.0,47.0,378.77777777777777,279.1578947368421,768.0,274.8421052631579,665.04,62.0
136,2021,5,449.23809523809524,362.3445692883895,860.0,460.15714285714284,26.0,408.0,215.46398305084745,420.8253968253968,336.61146496815286,344.7248322147651,220.0,268.35036496350364,268.0,387.6,381.03846153846155,474.6101694915254,244.7058823529412,28.0,385.1056338028169,309.8301886792453,104.0,47.0,462.6666666666667,285.53846153846155,768.0,269.2352941176471,512.4761904761905,62.0
137,2021,6,357.39130434782606,359.57801418439715,860.0,493.07272727272726,26.0,340.4,229.0051948051948,391.5,354.39929328621906,407.67832167832165,220.0,297.2875816993464,268.0,377.53846153846155,354.97435897435895,477.2857142857143,285.6,28.0,348.79411764705884,309.3979591836735,104.0,47.0,936.4117647058823,301.3333333333333,768.0,226.65,715.5714285714286,62.0
138,2021,7,395.2857142857143,368.01913875598086,860.0,504.0925925925926,26.0,408.0,228.1409214092141,394.37931034482756,361.3733766233766,522.0844155844156,220.0,310.9185185185185,268.0,397.6,345.6296296296296,483.11965811965814,289.1818181818182,28.0,360.12820512820514,310.97402597402595,104.0,47.0,657.3333333333334,299.0,768.0,241.2,684.3125,62.0
139,2021,8,341.75,354.51541850220264,860.0,491.35185185185185,26.0,418.72727272727275,208.34975369458127,402.78688524590166,367.704,577.2352941176471,220.0,300.73426573426576,268.0,353.7647058823529,358.82758620689657,446.4,278.0,28.0,386.92198581560285,320.3255813953488,104.0,30.0,229.45454545454547,328.8695652173913,768.0,252.89795918367346,527.8333333333334,62.0
140,2021,9,299.27777777777777,349.6025641025641,860.0,502.5111111111111,26.0,612.0796019900497,212.80373831775702,414.9259259259259,374.62048192771084,633.2565445026178,220.0,351.18367346938777,268.0,347.1111111111111,339.6521739130435,490.0111111111111,196.0,28.0,359.5987654320988,329.72093023255815,104.0,30.0,247.75,376.3243243243243,1044.0,263.5483870967742,563.1891891891892,62.0
141,2021,10,296.0344827586207,345.9630996309963,860.0,510.62264150943395,26.0,515.3333333333334,220.09404388714734,412.8627450980392,384.43131868131866,622.6222222222223,220.0,339.0243902439024,248.0,392.8888888888889,379.72093023255815,482.95714285714286,418.0,28.0,370.50299401197606,312.20754716981133,104.0,30.0,278.5,345.8888888888889,1044.0,254.13333333333333,368.09090909090907,62.0
142,2021,11,299.625,353.3255813953488,860.0,477.4107142857143,26.0,472.75,254.70098039215685,385.67857142857144,428.3970588235294,635.7083333333334,220.0,326.0,330.0,447.6923076923077,335.04477611940297,468.5147058823529,362.6666666666667,28.0,352.7560975609756,313.3333333333333,104.0,30.0,463.06666666666666,337.65671641791045,768.0,258.63157894736844,309.3076923076923,62.0
143,2021,12,292.75,354.9649805447471,860.0,485.25531914893617,26.0,244.0,249.1288888888889,369.28,514.5393939393939,495.56756756756755,220.0,298.86524822695037,344.0,400.9047619047619,365.6727272727273,481.98979591836735,262.3333333333333,28.0,359.85074626865674,333.68503937007875,104.0,30.0,620.5,320.0,768.0,279.4782608695652,774.1666666666666,62.0
144,2022,1,260.0,370.921875,860.0,502.8490566037736,26.0,504.0,245.36516853932585,322.60869565217394,437.65480427046265,478.34715025906735,220.0,308.811320754717,344.0,475.3181818181818,387.88461538461536,484.2923076923077,289.2,28.0,356.5123966942149,338.5181818181818,104.0,30.0,300.8333333333333,341.5833333333333,768.0,264.4,704.936170212766,62.0
145,2022,2,387.38461538461536,366.05809128630705,860.0,508.8125,26.0,753.1681415929204,207.8181818181818,338.0238095238095,363.6751592356688,386.53551912568304,220.0,264.462962962963,344.0,380.8888888888889,459.0,487.5877192982456,275.0,28.0,344.8943661971831,331.2079207920792,104.0,30.0,344.6923076923077,343.82608695652175,768.0,402.0689655172414,601.25,62.0
146,2022,3,376.93333333333334,365.6609195402299,860.0,500.796875,26.0,728.5118483412323,225.95973154362417,345.93975903614455,362.4299674267101,365.07103825136613,220.0,276.3061224489796,293.3333333333333,367.2631578947368,401.53125,486.7818181818182,242.0,28.0,342.6,326.1573033707865,104.0,30.0,343.42857142857144,353.70588235294116,768.0,297.4594594594595,680.7263157894737,62.0
147,2022,4,369.5652173913044,376.0243902439024,860.0,484.9852941176471,26.0,570.0,229.1705685618729,360.4307692307692,347.77464788732397,376.74347826086955,220.0,285.89473684210526,288.0,382.3636363636364,365.6744186046512,488.77777777777777,227.3684210526316,28.0,327.18120805369125,318.5704697986577,104.0,30.0,250.63636363636363,339.4871794871795,768.0,231.5,622.6511627906976,62.0
148,2022,5,378.0869565217391,395.06024096385545,860.0,456.01612903225805,26.0,301.0,202.4460966542751,394.0967741935484,328.5940594059406,334.7755102040816,220.0,269.1468531468532,308.0,433.06666666666666,385.4468085106383,494.48571428571427,246.6086956521739,28.0,338.7857142857143,309.92121212121214,104.0,30.0,272.46153846153845,326.47058823529414,768.0,238.74285714285713,568.5151515151515,62.0
149,2022,6,336.22857142857146,394.9850746268657,860.0,467.73846153846154,26.0,301.0,223.46666666666667,371.05555555555554,354.7195945945946,361.3092105263158,220.0,292.74226804123714,264.0,471.9655172413793,369.81538461538463,474.87719298245617,240.46153846153845,28.0,333.55801104972375,318.24375,104.0,30.0,237.73684210526315,330.8205128205128,768.0,251.04,710.0238095238095,62.0
150,2022,7,314.77777777777777,384.17808219178085,860.0,454.4605263157895,26.0,301.0,202.275,387.74468085106383,361.64896755162243,438.61417322834643,220.0,354.85714285714283,264.0,490.03846153846155,354.3265306122449,461.6506849315069,297.44444444444446,28.0,348.19428571428574,311.3135593220339,104.0,30.0,280.3636363636364,323.5121951219512,768.0,265.2121212121212,551.0454545454545,62.0
151,2022,8,290.0869565217391,395.1194029850746,860.0,439.57971014492756,26.0,288.0,219.00404858299595,373.2244897959184,349.3211488250653,576.6160714285714,220.0,266.05128205128204,256.0,417.3170731707317,323.13698630136986,457.7190082644628,266.0,28.0,354.2931034482759,308.61417322834643,104.0,30.0,295.8421052631579,336.231884057971,1044.0,234.0,394.4634146341463,62.0
152,2022,9,343.625,370.07065217391306,860.0,476.3965517241379,26.0,640.0405405405405,220.1606425702811,369.1463414634146,346.9355670103093,633.5605095541401,220.0,301.3783783783784,256.0,379.6923076923077,353.7090909090909,502.94,253.3846153846154,28.0,354.3369565217391,314.3416149068323,104.0,30.0,291.8666666666667,363.6,1044.0,241.21212121212122,571.7692307692307,62.0
153,2022,10,328.1714285714286,368.1380952380952,860.0,464.6515151515151,26.0,640.0405405405405,223.3512396694215,369.0285714285714,338.92740046838406,506.27884615384613,220.0,292.50632911392404,256.0,425.6111111111111,300.9130434782609,495.76119402985074,300.7368421052632,28.0,360.77319587628864,319.9825581395349,104.0,30.0,278.27777777777777,366.35555555555555,1044.0,249.63636363636363,501.22222222222223,62.0
154,2022,11,346.95,386.6218487394958,860.0,467.8301886792453,26.0,640.0405405405405,209.4485596707819,337.5121951219512,343.32,494.34285714285716,220.0,289.64,584.0,361.88235294117646,333.45454545454544,464.2474226804124,321.4782608695652,28.0,372.6923076923077,326.3872549019608,104.0,30.0,498.1333333333333,343.09090909090907,1044.0,260.3529411764706,387.42857142857144,62.0
155,2022,12,311.5833333333333,363.311004784689,860.0,469.12280701754383,26.0,640.0405405405405,219.47970479704796,327.36,360.76190476190476,498.2758620689655,220.0,282.7758620689655,502.0,397.1111111111111,316.71794871794873,448.98198198198196,227.5,28.0,380.8315789473684,327.8532608695652,104.0,30.0,376.7,329.8125,1044.0,271.14285714285717,605.2,62.0
156,2023,1,313.6666666666667,366.99441340782124,860.0,471.0952380952381,26.0,640.0405405405405,333.57272727272726,406.42857142857144,359.5798611111111,453.94354838709677,220.0,298.029702970297,584.0,406.93333333333334,330.15384615384613,465.49645390070924,199.0,28.0,408.2608695652174,328.3757225433526,104.0,30.0,346.3636363636364,322.75555555555553,1044.0,250.7058823529412,671.3913043478261,62.0
157,2023,2,360.72222222222223,367.81990521327015,860.0,472.1454545454545,26.0,821.7777777777778,344.37953795379536,383.72727272727275,322.9269841269841,364.5083333333333,220.0,292.06315789473683,584.0,402.1818181818182,405.54545454545456,486.73015873015873,180.94117647058823,28.0,416.09032258064514,330.5,104.0,30.0,406.0,322.8421052631579,1044.0,623.0,533.8064516129032,62.0
158,2023,3,343.2857142857143,401.0674157303371,860.0,450.03636363636366,26.0,748.9285714285714,289.8541666666667,386.6862745098039,357.0139664804469,409.37931034482756,220.0,276.9879518072289,584.0,385.0769230769231,261.57575757575756,516.872,255.66666666666666,28.0,442.0148148148148,335.5374149659864,104.0,30.0,439.7142857142857,306.0689655172414,1044.0,322.41509433962267,578.7466666666667,62.0
159,2023,4,346.39130434782606,375.2162162162162,860.0,478.7564102564103,26.0,494.0,238.86148648648648,362.1224489795918,346.26073619631904,377.10596026490066,220.0,264.6521739130435,292.0,365.2857142857143,293.37931034482756,490.8141592920354,334.3888888888889,28.0,401.5986842105263,338.3662790697674,104.0,30.0,278.0,304.55555555555554,1044.0,269.48837209302326,578.5945945945946,62.0
160,2023,5,331.3953488372093,376.2791878172589,860.0,477.8452380952381,26.0,494.0,214.01971830985914,383.3777777777778,352.6621621621622,359.85714285714283,220.0,280.1010101010101,290.5,487.5,288.8085106382979,461.8532110091743,243.22727272727272,28.0,394.44736842105266,357.94972067039106,104.0,30.0,318.0,340.46153846153845,1044.0,256.375,526.3225806451613,62.0
161,2023,6,335.97727272727275,378.1111111111111,860.0,455.26229508196724,26.0,494.0,199.31851851851852,405.6666666666667,418.7953020134228,402.02247191011236,220.0,271.94444444444446,334.4,518.0833333333334,363.2244897959184,454.1020408163265,242.64,28.0,398.04419889502765,358.34183673469386,104.0,30.0,282.3478260869565,349.74074074074076,1044.0,265.5238095238095,581.5384615384615,62.0
162,2023,7,322.10526315789474,369.39130434782606,860.0,474.6666666666667,26.0,173.0,219.21509433962265,435.57142857142856,347.3217993079585,464.0982142857143,220.0,257.16190476190474,360.0,370.0,286.3181818181818,470.55974842767296,341.37931034482756,28.0,418.0446927374302,365.76774193548385,104.0,30.0,254.1818181818182,310.94117647058823,1044.0,271.7647058823529,536.6,62.0
163,2023,8,313.75,403.3057851239669,860.0,509.7710843373494,26.0,645.5625,213.9917695473251,325.61290322580646,359.374613003096,468.5853658536585,220.0,257.0990990990991,260.0,549.2,291.8333333333333,478.47058823529414,192.8181818181818,28.0,406.9782608695652,353.1902173913044,104.0,30.0,311.57894736842104,399.25581395348837,1044.0,252.81632653061226,385.8857142857143,62.0
164,2023,9,324.62264150943395,402.95631067961165,860.0,498.14473684210526,26.0,638.5227272727273,241.5659574468085,359.5833333333333,436.1407624633431,617.7835051546392,220.0,253.4308943089431,190.0,416.8,318.01960784313724,519.472,174.47368421052633,28.0,385.60199004975124,339.1467391304348,104.0,30.0,345.7142857142857,347.3,1044.0,250.75,509.2,62.0
165,2023,10,321.0892857142857,381.58878504672896,860.0,516.8428571428572,26.0,460.6666666666667,225.1951219512195,328.57894736842104,373.8072625698324,592.46,220.0,247.11926605504587,200.0,364.0,251.54545454545453,488.85263157894735,232.92307692307693,28.0,375.3813953488372,354.0064102564103,104.0,30.0,329.1764705882353,377.9672131147541,1044.0,291.94117647058823,362.2352941176471,62.0
166,2023,11,296.55102040816325,380.5842696629214,860.0,493.8051948051948,26.0,264.0,227.48387096774192,334.3050847457627,360.2958904109589,503.54464285714283,220.0,274.04411764705884,267.42857142857144,357.8125,258.48,458.4392523364486,281.6363636363636,28.0,364.0904977375566,338.9945652173913,104.0,30.0,608.2,400.40506329113924,1044.0,314.61764705882354,486.4,62.0
167,2023,12,228.15,369.06341463414634,860.0,500.0875,26.0,30.0,208.49717514124293,310.92727272727274,335.14714714714717,497.8611111111111,220.0,297.2258064516129,308.0,460.2068965517241,275.61538461538464,466.7171717171717,418.3333333333333,28.0,373.38461538461536,354.1977401129943,104.0,30.0,372.1333333333333,385.58730158730157,1044.0,276.0,662.7058823529412,62.0
168,2024,1,254.0,382.4111675126904,860.0,495.73015873015873,26.0,30.0,192.9479768786127,370.8,341.2762645914397,488.1233766233766,220.0,270.4453125,352.0,444.17391304347825,284.2857142857143,476.65359477124184,391.6666666666667,28.0,364.4873417721519,357.4306930693069,104.0,30.0,466.73333333333335,385.3953488372093,1044.0,280.6666666666667,593.4583333333334,62.0
169,2024,2,312.5625,411.28138528138527,860.0,474.62264150943395,26.0,776.0,225.14344262295083,333.1818181818182,384.4141791044776,351.4969696969697,220.0,276.92913385826773,368.0,491.86206896551727,239.47619047619048,481.97857142857146,260.6666666666667,28.0,367.758064516129,351.44444444444446,104.0,30.0,302.25,428.0,1044.0,409.73333333333335,505.1666666666667,62.0
170,2024,3,277.0,398.8888888888889,860.0,478.5882352941176,26.0,855.9428571428572,204.50299401197606,339.36170212765956,425.9313725490196,464.2704918032787,220.0,315.3693693693694,168.0,470.48387096774195,235.3846153846154,514.728,162.0,28.0,380.6751592356688,356.6,104.0,30.0,270.1818181818182,418.97435897435895,1044.0,357.6,570.695652173913,62.0
171,2024,4,316.5777777777778,397.13235294117646,860.0,469.046875,26.0,855.9428571428572,203.33333333333334,358.5833333333333,385.6957831325301,418.72049689440996,220.0,298.54716981132077,384.0,379.27272727272725,295.29411764705884,527.0569105691056,249.6,28.0,374.92537313432837,329.4583333333333,104.0,30.0,296.5,405.44,1044.0,254.4390243902439,485.4761904761905,62.0
172,2024,5,267.3939393939394,368.2432432432432,860.0,459.9710144927536,26.0,855.9428571428572,212.8316151202749,415.34,369.19662921348316,388.6390977443609,220.0,300.49295774647885,284.5,400.5,350.62857142857143,521.7096774193549,268.2352941176471,28.0,367.3862660944206,340.9076923076923,104.0,30.0,418.0416666666667,408.0,1044.0,249.9016393442623,472.32,62.0
173,2024,6,304.20588235294116,361.6291390728477,860.0,438.47435897435895,26.0,855.9428571428572,201.9453125,429.0243902439024,355.57,373.59016393442624,220.0,279.24793388429754,654.6666666666666,450.375,387.58620689655174,523.8,241.52380952380952,28.0,357.32456140350877,333.784,104.0,30.0,329.5238095238095,386.0740740740741,1044.0,257.45762711864404,488.93333333333334,62.0
174,2024,7,294.3488372093023,374.3652173913043,860.0,483.69642857142856,26.0,855.9428571428572,200.572,352.02,377.3573407202216,415.1223021582734,220.0,277.0090909090909,432.0,393.7857142857143,396.44444444444446,517.5655172413793,267.0952380952381,28.0,351.0112359550562,339.23015873015873,104.0,30.0,432.07142857142856,361.9230769230769,1044.0,257.9277108433735,499.85,62.0
175,2024,8,305.45652173913044,356.1159420289855,860.0,466.8125,26.0,855.9428571428572,199.74216027874564,389.65,402.23943661971833,468.75280898876406,220.0,300.15384615384613,368.0,382.6666666666667,376.5833333333333,518.5864661654135,256.0,28.0,355.23943661971833,336.64356435643566,104.0,30.0,627.7666666666667,395.52,1044.0,247.25,425.93333333333334,62.0
176,2024,9,282.3142857142857,381.0420168067227,860.0,437.462962962963,26.0,642.8857142857142,206.85375494071147,352.64102564102564,397.00763358778624,543.0689655172414,220.0,311.60655737704917,368.0,376.3076923076923,219.47058823529412,571.9205298013245,252.55555555555554,28.0,351.0954356846473,318.4403669724771,104.0,30.0,253.2,411.52,1044.0,250.30188679245282,480.9230769230769,62.0
177,2024,10,349.9756097560976,364.70588235294116,860.0,493.22058823529414,26.0,386.0,208.59903381642513,450.51162790697674,353.6599190283401,515.1666666666666,220.0,298.15625,368.0,589.6666666666666,355.4074074074074,518.0,406.15,28.0,359.9475806451613,321.30252100840335,104.0,30.0,387.52,423.1111111111111,1044.0,264.75555555555553,422.4,62.0
178,2024,11,296.22222222222223,361.1714285714286,860.0,470.45,26.0,800.0,219.8108108108108,408.10526315789474,365.4516129032258,511.88461538461536,220.0,300.1322314049587,168.0,496.6666666666667,375.0967741935484,496.6041666666667,318.0,28.0,348.56779661016947,327.0165289256198,104.0,30.0,532.8,393.3333333333333,1044.0,250.46511627906978,413.36842105263156,62.0
179,2024,12,261.3333333333333,370.9357798165138,860.0,445.1081081081081,26.0,800.0,212.68571428571428,402.2758620689655,335.92857142857144,498.3448275862069,193.7037037037037,276.075,168.0,452.75,312.3333333333333,484.1454545454545,296.61538461538464,44.44444444444444,361.140625,336.6222222222222,104.0,30.0,491.5,408.70588235294116,1044.0,253.85714285714286,514.2857142857143,62.0
